num_trades,win_rate_pct,avg_r_multiple,median_r_multiple,stdev_r_multiple,profit_factor,t_stat_vs_zero,rsi_os,stoch_os,bb_std,kc_mult
15,53.3,0.073,0.025,0.756,1.24,0.36,20,15,1.5,1.0
15,53.3,0.073,0.025,0.756,1.24,0.36,20,15,1.5,1.5
15,53.3,0.073,0.025,0.756,1.24,0.36,20,15,1.5,2.0
8,50.0,0.08,-0.029,0.833,1.25,0.25,20,15,2.0,1.0
8,50.0,0.08,-0.029,0.833,1.25,0.25,20,15,2.0,1.5
8,50.0,0.08,-0.029,0.833,1.25,0.25,20,15,2.0,2.0
5,40.0,-0.051,-0.084,0.835,0.87,-0.12,20,15,2.5,1.0
5,40.0,-0.051,-0.084,0.835,0.87,-0.12,20,15,2.5,1.5
5,40.0,-0.051,-0.084,0.835,0.87,-0.12,20,15,2.5,2.0
17,52.9,0.082,0.025,0.747,1.27,0.44,20,20,1.5,1.0
17,52.9,0.082,0.025,0.747,1.27,0.44,20,20,1.5,1.5
17,52.9,0.082,0.025,0.747,1.27,0.44,20,20,1.5,2.0
10,50.0,0.093,-0.029,0.803,1.3,0.35,20,20,2.0,1.0
10,50.0,0.093,-0.029,0.803,1.3,0.35,20,20,2.0,1.5
10,50.0,0.093,-0.029,0.803,1.3,0.35,20,20,2.0,2.0
7,42.9,0.006,-0.084,0.796,1.01,0.02,20,20,2.5,1.0
7,42.9,0.006,-0.084,0.796,1.01,0.02,20,20,2.5,1.5
7,42.9,0.006,-0.084,0.796,1.01,0.02,20,20,2.5,2.0
17,52.9,0.082,0.025,0.747,1.27,0.44,20,25,1.5,1.0
17,52.9,0.082,0.025,0.747,1.27,0.44,20,25,1.5,1.5
17,52.9,0.082,0.025,0.747,1.27,0.44,20,25,1.5,2.0
10,50.0,0.093,-0.029,0.803,1.3,0.35,20,25,2.0,1.0
10,50.0,0.093,-0.029,0.803,1.3,0.35,20,25,2.0,1.5
10,50.0,0.093,-0.029,0.803,1.3,0.35,20,25,2.0,2.0
7,42.9,0.006,-0.084,0.796,1.01,0.02,20,25,2.5,1.0
7,42.9,0.006,-0.084,0.796,1.01,0.02,20,25,2.5,1.5
7,42.9,0.006,-0.084,0.796,1.01,0.02,20,25,2.5,2.0
51,52.9,0.143,0.025,0.805,1.52,1.25,25,15,1.5,1.0
51,52.9,0.143,0.025,0.805,1.52,1.25,25,15,1.5,1.5
51,52.9,0.143,0.025,0.805,1.52,1.25,25,15,1.5,2.0
34,50.0,0.168,0.0,0.881,1.58,1.1,25,15,2.0,1.0
34,50.0,0.168,0.0,0.881,1.58,1.1,25,15,2.0,1.5
34,50.0,0.168,0.0,0.881,1.58,1.1,25,15,2.0,2.0
14,57.1,0.33,0.545,0.938,2.17,1.27,25,15,2.5,1.0
14,57.1,0.33,0.545,0.938,2.17,1.27,25,15,2.5,1.5
14,57.1,0.33,0.545,0.938,2.17,1.27,25,15,2.5,2.0
55,50.9,0.126,0.018,0.791,1.46,1.17,25,20,1.5,1.0
55,50.9,0.126,0.018,0.791,1.46,1.17,25,20,1.5,1.5
55,50.9,0.126,0.018,0.791,1.46,1.17,25,20,1.5,2.0
38,47.4,0.141,-0.054,0.854,1.48,1.0,25,20,2.0,1.0
38,47.4,0.141,-0.054,0.854,1.48,1.0,25,20,2.0,1.5
38,47.4,0.141,-0.054,0.854,1.48,1.0,25,20,2.0,2.0
16,56.2,0.307,0.545,0.91,2.1,1.31,25,20,2.5,1.0
16,56.2,0.307,0.545,0.91,2.1,1.31,25,20,2.5,1.5
16,56.2,0.307,0.545,0.91,2.1,1.31,25,20,2.5,2.0
56,50.0,0.112,-0.004,0.791,1.4,1.05,25,25,1.5,1.0
56,50.0,0.112,-0.004,0.791,1.4,1.05,25,25,1.5,1.5
56,50.0,0.112,-0.004,0.791,1.4,1.05,25,25,1.5,2.0
39,46.2,0.12,-0.084,0.853,1.4,0.87,25,25,2.0,1.0
39,46.2,0.12,-0.084,0.853,1.4,0.87,25,25,2.0,1.5
39,46.2,0.12,-0.084,0.853,1.4,0.87,25,25,2.0,2.0
17,52.9,0.251,0.484,0.912,1.83,1.1,25,25,2.5,1.0
17,52.9,0.251,0.484,0.912,1.83,1.1,25,25,2.5,1.5
17,52.9,0.251,0.484,0.912,1.83,1.1,25,25,2.5,2.0
124,41.9,-0.011,-0.187,0.761,0.96,-0.17,30,15,1.5,1.0
124,41.9,-0.011,-0.187,0.761,0.96,-0.17,30,15,1.5,1.5
120,41.7,-0.021,-0.187,0.759,0.93,-0.31,30,15,1.5,2.0
63,46.0,0.11,-0.048,0.824,1.37,1.05,30,15,2.0,1.0
63,46.0,0.11,-0.048,0.824,1.37,1.05,30,15,2.0,1.5
62,45.2,0.094,-0.066,0.82,1.31,0.89,30,15,2.0,2.0
22,45.5,0.128,-0.066,0.846,1.43,0.69,30,15,2.5,1.0
22,45.5,0.128,-0.066,0.846,1.43,0.69,30,15,2.5,1.5
22,45.5,0.128,-0.066,0.846,1.43,0.69,30,15,2.5,2.0
142,40.8,-0.025,-0.225,0.735,0.92,-0.41,30,20,1.5,1.0
142,40.8,-0.025,-0.225,0.735,0.92,-0.41,30,20,1.5,1.5
137,40.1,-0.037,-0.247,0.734,0.89,-0.59,30,20,1.5,2.0
78,42.3,0.056,-0.096,0.779,1.19,0.63,30,20,2.0,1.0
78,42.3,0.056,-0.096,0.779,1.19,0.63,30,20,2.0,1.5
77,41.6,0.042,-0.097,0.774,1.14,0.47,30,20,2.0,2.0
28,42.9,0.107,-0.066,0.787,1.38,0.71,30,20,2.5,1.0
28,42.9,0.107,-0.066,0.787,1.38,0.71,30,20,2.5,1.5
28,42.9,0.107,-0.066,0.787,1.38,0.71,30,20,2.5,2.0
146,40.4,-0.036,-0.25,0.73,0.89,-0.6,30,25,1.5,1.0
146,40.4,-0.036,-0.25,0.73,0.89,-0.6,30,25,1.5,1.5
141,39.7,-0.048,-0.253,0.728,0.86,-0.78,30,25,1.5,2.0
82,41.5,0.033,-0.099,0.77,1.11,0.38,30,25,2.0,1.0
82,41.5,0.033,-0.099,0.77,1.11,0.38,30,25,2.0,1.5
81,40.7,0.019,-0.1,0.765,1.06,0.22,30,25,2.0,2.0
31,38.7,0.04,-0.1,0.776,1.13,0.28,30,25,2.5,1.0
31,38.7,0.04,-0.1,0.776,1.13,0.28,30,25,2.5,1.5
31,38.7,0.04,-0.1,0.776,1.13,0.28,30,25,2.5,2.0
219,41.6,-0.034,-0.203,0.741,0.9,-0.68,35,15,1.5,1.0
218,41.3,-0.037,-0.211,0.741,0.89,-0.73,35,15,1.5,1.5
169,39.1,-0.055,-0.253,0.749,0.84,-0.95,35,15,1.5,2.0
78,44.9,0.092,-0.037,0.817,1.3,0.99,35,15,2.0,1.0
78,44.9,0.092,-0.037,0.817,1.3,0.99,35,15,2.0,1.5
71,46.5,0.112,-0.025,0.822,1.38,1.14,35,15,2.0,2.0
24,41.7,0.06,-0.092,0.841,1.18,0.34,35,15,2.5,1.0
24,41.7,0.06,-0.092,0.841,1.18,0.34,35,15,2.5,1.5
22,45.5,0.128,-0.066,0.846,1.43,0.69,35,15,2.5,2.0
270,40.0,-0.05,-0.246,0.722,0.85,-1.14,35,20,1.5,1.0
265,40.0,-0.051,-0.245,0.722,0.85,-1.15,35,20,1.5,1.5
200,37.5,-0.06,-0.25,0.723,0.82,-1.18,35,20,1.5,2.0
105,41.9,0.046,-0.084,0.764,1.15,0.61,35,20,2.0,1.0
105,41.9,0.046,-0.084,0.764,1.15,0.61,35,20,2.0,1.5
93,41.9,0.067,-0.084,0.768,1.23,0.84,35,20,2.0,2.0
31,38.7,0.033,-0.1,0.781,1.11,0.23,35,20,2.5,1.0
31,38.7,0.033,-0.1,0.781,1.11,0.23,35,20,2.5,1.5
29,41.4,0.083,-0.084,0.783,1.29,0.56,35,20,2.5,2.0
285,40.0,-0.057,-0.247,0.716,0.83,-1.33,35,25,1.5,1.0
280,40.0,-0.057,-0.246,0.716,0.83,-1.34,35,25,1.5,1.5
207,36.7,-0.072,-0.255,0.715,0.79,-1.45,35,25,1.5,2.0
111,41.4,0.033,-0.095,0.756,1.1,0.45,35,25,2.0,1.0
111,41.4,0.033,-0.095,0.756,1.1,0.45,35,25,2.0,1.5
98,40.8,0.042,-0.096,0.758,1.14,0.55,35,25,2.0,2.0
35,34.3,-0.033,-0.39,0.759,0.9,-0.25,35,25,2.5,1.0
35,34.3,-0.033,-0.39,0.759,0.9,-0.25,35,25,2.5,1.5
33,36.4,0.007,-0.284,0.764,1.02,0.05,35,25,2.5,2.0
